Column1,Column2,Column3,Column4,Column5,Column6,Column7,Column8
0.0,0.0,0.0,0.0,0.0,0.0,0.0,0.0
1.6006261308164143e-6,2.4739296416332524e-6,3.0216100476214043e-6,0.004666670533222861,7.12637972487163e-7,0.00032397804106724546,7.991681309598469e-7,7.434537863760224e-7
3.2012522616328286e-6,4.947859283266505e-6,6.0432200952428085e-6,0.009333341066445722,1.425275944974326e-6,0.0006479560821344909,1.5983362619196937e-6,1.4869075727520448e-6
4.801878392449243e-6,7.421788924899757e-6,9.064830142864213e-6,0.014000011599668584,2.137913917461489e-6,0.0009719341232017364,2.3975043928795406e-6,2.230361359128067e-6
6.402504523265657e-6,9.89571856653301e-6,1.2086440190485617e-5,0.018666682132891445,2.850551889948652e-6,0.0012959121642689819,3.1966725238393874e-6,2.9738151455040896e-6
8.00313065408207e-6,1.2369648208166262e-5,1.5108050238107021e-5,0.023333352666114304,3.5631898624358153e-6,0.0016198902053362273,3.995840654799234e-6,3.717268931880112e-6
9.603756784898485e-6,1.4843577849799514e-5,1.8129660285728426e-5,0.028000023199337164,4.2758278349229785e-6,0.0019438682464034728,4.795008785759081e-6,4.460722718256134e-6
1.12043829157149e-5,1.7317507491432765e-5,2.115127033334983e-5,0.03266669373256002,4.988465807410142e-6,0.0022678462874707182,5.594176916718928e-6,5.204176504632156e-6
1.2805009046531314e-5,1.979143713306602e-5,2.4172880380971234e-5,0.03733336426578288,5.701103779897305e-6,0.0025918243285379637,6.393345047678775e-6,5.9476302910081784e-6
1.4405635177347729e-5,2.2265366774699273e-5,2.7194490428592638e-5,0.04200003479900574,6.413741752384468e-6,0.002915802369605209,7.192513178638622e-6,6.6910840773842005e-6
1.600626130816414e-5,2.4739296416332528e-5,3.0216100476214043e-5,0.0466667053322286,7.126379724871631e-6,0.0032397804106724546,7.991681309598469e-6,7.434537863760223e-6
1.7606887438980554e-5,2.721322605796578e-5,3.323771052383545e-5,0.05133337586545146,7.839017697358794e-6,0.0035637584517397,8.790849440558315e-6,8.177991650136245e-6
1.9207513569796967e-5,2.9687155699599036e-5,3.625932057145685e-5,0.05600004639867432,8.551655669845957e-6,0.0038877364928069456,9.590017571518162e-6,8.921445436512267e-6
2.080813970061338e-5,3.216108534123229e-5,3.9280930619078255e-5,0.06066671693189718,9.26429364233312e-6,0.0042117145338741915,1.0389185702478009e-5,9.664899222888289e-6
2.2408765831429793e-5,3.4635014982865544e-5,4.230254066669966e-5,0.06533338746512005,9.976931614820283e-6,0.004535692574941437,1.1188353833437856e-5,1.0408353009264311e-5
2.4009391962246206e-5,3.71089446244988e-5,4.5324150714321064e-5,0.07000005799834291,1.0689569587307447e-5,0.004859670616008683,1.1987521964397703e-5,1.1151806795640333e-5
2.561001809306262e-5,3.958287426613205e-5,4.834576076194247e-5,0.07466672853156578,1.140220755979461e-5,0.005183648657075929,1.278669009535755e-5,1.1895260582016355e-5
2.721064422387903e-5,4.2056803907765306e-5,5.136737080956387e-5,0.07933339906478865,1.2114845532281773e-5,0.005507626698143175,1.3585858226317396e-5,1.2638714368392377e-5
2.8811270354695444e-5,4.453073354939856e-5,5.4388980857185277e-5,0.08400006959801151,1.2827483504768936e-5,0.005831604739210421,1.4385026357277243e-5,1.33821681547684e-5
3.0411896485511857e-5,4.7004663191031814e-5,5.741059090480668e-5,0.08866674013123438,1.35401214772561e-5,0.006155582780277667,1.518419448823709e-5,1.4125621941144421e-5
3.201252261632827e-5,4.947859283266507e-5,6.0432200952428085e-5,0.09333341066445724,1.4252759449743263e-5,0.006479560821344913,1.5983362619196937e-5,1.4869075727520444e-5
4.4728016146159404e-5,0.0014517956937827794,6.935032099256053e-5,0.09334997902889598,2.0901889726852786e-5,0.010026083403741356,1.9901308841663254e-5,1.7260337872689375e-5
5.744350967599054e-5,0.002854112794732894,7.826844103269297e-5,0.09336654739333472,2.7551020003962307e-5,0.0135726059861378,2.381925506412957e-5,1.9651600017858307e-5
7.015900320582167e-5,0.004256429895683008,8.718656107282541e-5,0.09338311575777346,3.420015028107183e-5,0.017119128568534245,2.7737201286595887e-5,2.204286216302724e-5
8.28744967356528e-5,0.0056587469966331225,9.610468111295785e-5,0.0933996841222122,4.084928055818136e-5,0.020665651150930688,3.16551475090622e-5,2.4434124308196173e-5
9.558999026548392e-5,0.007061064097583237,0.00010502280115309029,0.09341625248665093,4.749841083529088e-5,0.02421217373332713,3.557309373152852e-5,2.6825386453365106e-5
0.00010830548379531505,0.008463381198533352,0.00011394092119322273,0.09343282085108967,5.4147541112400406e-5,0.027758696315723575,3.9491039953994837e-5,2.921664859853404e-5
0.00012102097732514618,0.009865698299483467,0.00012285904123335517,0.09344938921552841,6.079667138950993e-5,0.03130521889812002,4.340898617646115e-5,3.160791074370297e-5
0.00013373647085497732,0.011268015400433581,0.00013177716127348762,0.09346595757996715,6.744580166661946e-5,0.034851741480516465,4.732693239892747e-5,3.3999172888871904e-5
0.00014645196438480844,0.012670332501383696,0.00014069528131362006,0.09348252594440588,7.409493194372897e-5,0.03839826406291291,5.1244878621393786e-5,3.639043503404084e-5
0.00015916745791463957,0.014072649602333811,0.0001496134013537525,0.09349909430884462,8.074406222083849e-5,0.04194478664530936,5.51628248438601e-5,3.878169717920977e-5
0.0001718829514444707,0.015474966703283926,0.00015853152139388494,0.09351566267328336,8.739319249794801e-5,0.045491309227705806,5.908077106632642e-5,4.11729593243787e-5
0.00018459844497430183,0.01687728380423404,0.00016744964143401738,0.0935322310377221,9.404232277505753e-5,0.04903783181010225,6.299871728879273e-5,4.3564221469547635e-5
0.00019731393850413296,0.018279600905184153,0.00017636776147414982,0.09354879940216083,0.00010069145305216705,0.0525843543924987,6.691666351125905e-5,4.595548361471657e-5
0.00021002943203396408,0.019681918006134266,0.00018528588151428226,0.09356536776659957,0.00010734058332927656,0.05613087697489515,7.083460973372536e-5,4.83467457598855e-5
0.0002227449255637952,0.02108423510708438,0.0001942040015544147,0.09358193613103831,0.00011398971360638608,0.059677399557291594,7.475255595619168e-5,5.073800790505443e-5
0.00023546041909362634,0.022486552208034492,0.00020312212159454715,0.09359850449547705,0.0001206388438834956,0.06322392213968804,7.8670502178658e-5,5.3129270050223366e-5
0.0002481759126234575,0.023888869308984605,0.0002120402416346796,0.09361507285991578,0.00012728797416060512,0.06677044472208449,8.258844840112431e-5,5.55205321953923e-5
0.00026089140615328865,0.02529118640993472,0.00022095836167481203,0.09363164122435452,0.00013393710443771465,0.07031696730448093,8.650639462359063e-5,5.791179434056123e-5
0.0002736068996831198,0.02669350351088483,0.00022987648171494447,0.09363165972457008,0.00014058623471482418,0.07386348988687738,9.042434084605695e-5,6.0303056485730164e-5
0.00028632239321295096,0.028095820611834944,0.0002387946017550769,0.09363167822478563,0.0001472353649919337,0.07741001246927383,9.434228706852326e-5,6.26943186308991e-5
0.0002922114480745759,0.03301658733609224,0.00026474763103425037,0.09363500357050408,0.00018237107672114264,0.07741221267604494,9.78307494595478e-5,6.59357836230085e-5
0.0002981005029362008,0.03793735406034953,0.0002907006603134238,0.09363832891622254,0.00021750678845035157,0.07741217996908524,0.00010131921185057233,6.917724861511789e-5
0.00030398955779782573,0.042858120784606824,0.00031665368959259724,0.09363833008195244,0.0002526425001795605,0.07741214761387467,0.00010480767424159687,7.241871360722729e-5
0.00030987861265945065,0.04777888750886412,0.00034260671887177067,0.09363833124768234,0.00028777821190876943,0.07741211560160713,0.0001082961366326214,7.566017859933669e-5
0.0003157676675210756,0.05269965423312141,0.0003685597481509441,0.09363833241341224,0.00032291392363797836,0.07741208392343876,0.00011178459902364594,7.890164359144608e-5
0.0003216567223827005,0.0576204209573787,0.00039451277743011754,0.09363833357914214,0.0003580496353671873,0.07741205257058018,0.00011527306141467047,8.214310858355548e-5
0.00032754577724432543,0.062541187681636,0.00042046580670929097,0.09363833474487204,0.0003931853470963962,0.07741202153437597,0.00011876152380569501,8.538457357566488e-5
0.00033343483210595035,0.0674619544058933,0.0004464188359884644,0.09363833591060194,0.00042832105882560515,0.07741199080636636,0.00012224998619671956,8.862603856777427e-5
0.0003393238869675753,0.0723827211301506,0.00047237186526763783,0.09363833707633185,0.0004634567705548141,0.0774119603783305,0.0001257384485877441,9.186750355988367e-5
0.0003452129418292002,0.0773034878544079,0.0004983248945468113,0.09363833824206175,0.000498592482284023,0.0774119302423137,0.00012922691097876863,9.510896855199307e-5
0.0003511019966908251,0.0822242545786652,0.0005242779238259848,0.09363833940779165,0.0005337281940132319,0.07741190039064183,0.00013271537336979316,9.835043354410247e-5
0.00035699105155245005,0.0871450213029225,0.0005502309531051582,0.09363834057352155,0.0005688639057424409,0.07741187081592571,0.0001362038357608177,0.00010159189853621186
0.000362880106414075,0.0920657880271798,0.0005761839823843317,0.09363834173925145,0.0006039996174716498,0.07741184151105854,0.00013969229815184224,0.00010483336352832126
0.0003687691612756999,0.0969865547514371,0.0006021370116635052,0.09363834290498135,0.0006391353292008587,0.07741181246920861,0.00014318076054286677,0.00010807482852043066
0.0003746582161373248,0.1019073214756944,0.0006280900409426787,0.09363834407071125,0.0006742710409300677,0.07741178368380902,0.0001466692229338913,0.00011131629351254005
0.00038054727099894975,0.1068280881999517,0.0006540430702218522,0.09363834523644116,0.0007094067526592766,0.07741175514854583,0.00015015768532491584,0.00011455775850464945
0.0003864363258605747,0.111748854924209,0.0006799960995010257,0.09363834640217106,0.0007445424643884855,0.07741172685734563,0.00015364614771594038,0.00011779922349675885
0.0003923253807221996,0.1166696216484663,0.0007059491287801992,0.09363834756790096,0.0007796781761176944,0.07741169880436316,0.0001571346101069649,0.00012104068848886825
0.0003982144355838245,0.1215903883727236,0.0007319021580593727,0.09363834873363086,0.0008148138878469034,0.0774116709839694,0.00016062307249798945,0.00012428215348097763
0.00040410349044544945,0.12651115509698088,0.0007578551873385461,0.09363834989936076,0.0008499495995761123,0.07741164339074041,0.00016411153488901398,0.00012752361847308703
0.0004697334092652834,0.12677743974798547,0.005319744408690092,0.0936523326644724,0.000883494777177247,0.07742437493524526,0.00019946327082892394,0.00013810860413958443
0.0005353633280851174,0.12704372439899006,0.009881633630041638,0.0936523336305451,0.0009170399547783817,0.07742434778084416,0.0002348150067688339,0.00014869358980608183
0.0006009932469049514,0.12731000904999465,0.014443522851393184,0.09365233459661781,0.0009505851323795164,0.07742432083846879,0.00027016674270874386,0.00015927857547257923
0.0006666231657247854,0.12757629370099924,0.01900541207274473,0.09365233556269052,0.0009841303099806511,0.0774242941034223,0.0003055184786486538,0.00016986356113907663
0.0007322530845446194,0.12784257835200383,0.023567301294096274,0.09365233652876323,0.0010176754875817857,0.07742426757117067,0.0003408702145885638,0.00018044854680557404
0.0007978830033644535,0.12810886300300842,0.02812919051544782,0.09365233749483594,0.0010512206651829203,0.07742424123733964,0.00037622195052847374,0.00019103353247207144
0.0008635129221842875,0.128375147654013,0.03269107973679937,0.09365233846090865,0.001084765842784055,0.07742421509771158,0.0004115736864683837,0.00020161851813856884
0.0009291428410041215,0.1286414323050176,0.03725296895815092,0.09365233942698135,0.0011183110203851895,0.07742418914822191,0.00044692542240829365,0.00021220350380506624
0.0009947727598239554,0.12890771695602218,0.041814858179502465,0.09365234039305406,0.001151856197986324,0.07742416338495507,0.0004822771583482036,0.00022278848947156364
0.0010604026786437894,0.12917400160702677,0.04637674740085401,0.09365234135912677,0.0011854013755874587,0.07742413780414008,0.0005176288942881136,0.00023337347513806105
0.0011260325974636234,0.12944028625803136,0.05093863662220556,0.09365234232519948,0.0012189465531885933,0.0774241124021459,0.0005529806302280236,0.00024395846080455845
0.0011916625162834574,0.12970657090903595,0.05550052584355711,0.09365234329127219,0.0012524917307897279,0.07742408717547662,0.0005883323661679337,0.00025454344647105585
0.0012572924351032914,0.12997285556004054,0.060062415064908656,0.0936523442573449,0.0012860369083908625,0.07742406212076665,0.0006236841021078437,0.0002651284321375532
0.0013229223539231254,0.13023914021104513,0.0646243042862602,0.0936523452234176,0.001319582085991997,0.07742403723477594,0.0006590358380477537,0.0002757134178040506
0.0013885522727429594,0.13050542486204972,0.06918619350761175,0.09365234618949031,0.0013531272635931317,0.07742401251438531,0.0006943875739876637,0.000286298403470548
0.0014541821915627934,0.1307717095130543,0.0737480827289633,0.09365234715556302,0.0013866724411942663,0.07742398795659201,0.0007297393099275737,0.00029688338913704535
0.0015198121103826275,0.1310379941640589,0.07830997195031485,0.09365234812163573,0.0014202176187954009,0.07742396355850528,0.0007650910458674837,0.0003074683748035427
0.0015854420292024615,0.13130427881506349,0.0828718611716664,0.09365234908770843,0.0014537627963965355,0.0774239393173422,0.0008004427818073937,0.0003180533604700401
0.0016510719480222955,0.13157056346606807,0.08743375039301794,0.09365235005378114,0.00148730797399767,0.0774239152304237,0.0008357945177473037,0.0003286383461365375
0.0017167018668421295,0.13183684811707266,0.09199563961436949,0.09365235101985385,0.0015208531515988047,0.07742389129517066,0.0008711462536872138,0.00033922333180303485
0.0021553509823558897,0.1323298102944152,0.09315787691513139,0.09402017343041678,0.0029003210004965984,0.07766513163585716,0.0016504216389991784,0.00047756875272565063
0.00259400009786965,0.13282277247175775,0.09432011421589329,0.09402017426105437,0.004279788849394392,0.07766510799657918,0.002429697024311143,0.0006159141736482664
0.00303264921338341,0.1333157346491003,0.09548235151665518,0.09402017509169196,0.005659256698292186,0.07766508450179273,0.003208972409623108,0.0007542595945708822
0.00347129832889717,0.13380869682644284,0.09664458881741708,0.09402017592232954,0.00703872454718998,0.07766506114928286,0.003988247794935073,0.000892605015493498
0.00390994744441093,0.13430165900378538,0.09780682611817898,0.09402017675296713,0.008418192396087773,0.07766503793691733,0.004767523180247038,0.0010309504364161138
0.0043485965599246905,0.13479462118112792,0.09896906341894088,0.09402017758360472,0.009797660244985566,0.07766501486264381,0.005546798565559003,0.0011692958573387296
0.004787245675438451,0.13528758335847046,0.10013130071970278,0.0940201784142423,0.01117712809388336,0.07766499192448702,0.006326073950870968,0.0013076412782613454
0.005225894790952211,0.135780545535813,0.10129353802046467,0.09402017924487989,0.012556595942781152,0.07766496912054595,0.007105349336182933,0.0014459866991839612
0.005664543906465971,0.13627350771315555,0.10245577532122657,0.09402018007551748,0.013936063791678945,0.07766494644899108,0.007884624721494897,0.001584332120106577
0.006103193021979731,0.1367664698904981,0.10361801262198847,0.09402018090615506,0.015315531640576738,0.07766492390806161,0.00866390010680686,0.0017226775410291927
0.006541842137493491,0.13725943206784064,0.10478024992275037,0.09402018173679265,0.016694999489474532,0.07766490149606269,0.009443175492118825,0.0018610229619518085
0.0069804912530072516,0.13775239424518318,0.10594248722351227,0.09402018256743024,0.018074467338372327,0.07766487921136277,0.010222450877430789,0.0019993683828744245
0.007419140368521012,0.13824535642252572,0.10710472452427416,0.09402018339806782,0.01945393518727012,0.07766485705239097,0.011001726262742753,0.0021377138037970405
0.007857789484034773,0.13873831859986827,0.10826696182503606,0.09402018422870541,0.020833403036167916,0.07766483501763449,0.011781001648054717,0.0022760592247196565
0.008296438599548534,0.1392312807772108,0.10942919912579796,0.094020185059343,0.02221287088506571,0.07766481310563614,0.01256027703336668,0.0024144046456422725
0.008735087715062295,0.13972424295455335,0.11059143642655986,0.09402018588998058,0.023592338733963505,0.07766479131499186,0.013339552418678645,0.0025527500665648885
0.009173736830576056,0.1402172051318959,0.11175367372732176,0.09402018672061817,0.0249718065828613,0.07766476964434846,0.014118827803990609,0.0026910954874875045
0.009612385946089817,0.14071016730923844,0.11291591102808365,0.09402018755125575,0.026351274431759095,0.07766474809240126,0.014898103189302573,0.0028294409084101205
0.010051035061603578,0.14120312948658098,0.11407814832884555,0.09402018838189334,0.02773074228065689,0.07766472665789194,0.01567737857461454,0.0029677863293327365
0.010489684177117339,0.14169609166392352,0.11524038562960745,0.09402018921253093,0.029110210129554684,0.07766470533960641,0.016456653959926505,0.0031061317502553525
0.011046393625958875,0.1420129417608193,0.11593793085336596,0.09441506750726891,0.02997408743725636,0.07797909324097303,0.01800009460365507,0.0034184428332246705
0.01160310307480041,0.14232979185771508,0.11663547607712446,0.0944150682429309,0.030837964744958035,0.0779790721516596,0.01954353524738364,0.0037307539161939886
0.012159812523641947,0.14264664195461085,0.11733302130088297,0.09441506897859289,0.03170184205265971,0.07797905117517298,0.021086975891112206,0.004043064999163307
0.012716521972483482,0.14296349205150663,0.11803056652464147,0.09441506971425488,0.032565719360361386,0.07797903031045629,0.022630416534840773,0.004355376082132625
0.013273231421325018,0.1432803421484024,0.11872811174839998,0.09441507044991687,0.03342959666806306,0.0779790095564874,0.02417385717856934,0.004667687165101943
0.013829940870166554,0.14359719224529818,0.11942565697215848,0.09441507118557886,0.03429347397576474,0.0779789889122773,0.025717297822297907,0.004979998248071261
0.01438665031900809,0.14391404234219396,0.12012320219591699,0.09441507192124085,0.03515735128346641,0.07797896837686859,0.027260738466026474,0.005292309331040579
0.014943359767849626,0.14423089243908974,0.1208207474196755,0.09441507265690284,0.03602122859116809,0.07797894794933398,0.02880417910975504,0.005604620414009897
0.015500069216691162,0.1445477425359855,0.121518292643434,0.09441507339256483,0.036885105898869765,0.0779789276287748,0.030347619753483608,0.005916931496979215
0.0160567786655327,0.1448645926328813,0.1222158378671925,0.09441507412822682,0.03774898320657144,0.0779789074143196,0.03189106039721218,0.006229242579948533
0.016613488114374235,0.14518144272977707,0.12291338309095101,0.09441507486388881,0.038612860514273116,0.07797888730512277,0.03343450104094075,0.006541553662917851
0.01717019756321577,0.14549829282667284,0.12361092831470952,0.0944150755995508,0.03947673782197479,0.07797886730036316,0.03497794168466932,0.006853864745887169
0.017726907012057307,0.14581514292356862,0.12430847353846802,0.09441507633521279,0.04034061512967647,0.07797884739924286,0.03652138232839789,0.007166175828856487
0.018283616460898842,0.1461319930204644,0.12500601876222653,0.09441507707087478,0.04120449243737814,0.07797882760098598,0.03806482297212646,0.007478486911825805
0.01884032590974038,0.14644884311736017,0.12500948954042113,0.09441507780653677,0.04206836974507982,0.07797880790483745,0.03960826361585503,0.007790797994795123
0.019397035358581914,0.14676569321425595,0.12501296031861572,0.09441507854219876,0.042932247052781494,0.07797878831006191,0.0411517042595836,0.008103109077764441
0.01995374480742345,0.14708254331115173,0.12501643109681032,0.09441507927786075,0.04379612436048317,0.07797876881594269,0.04269514490331217,0.00841542016073376
0.020510454256264986,0.1473993934080475,0.12501990187500492,0.09441508001352274,0.044660001668184846,0.07797874942178078,0.04423858554704074,0.008727731243703078
0.02106716370510652,0.14771624350494328,0.12502337265319952,0.09441508074918473,0.04552387897588652,0.07797873012689388,0.045782026190769314,0.009040042326672396
0.021623873153948057,0.14803309360183906,0.1250268434313941,0.09441508148484672,0.0463877562835882,0.0779787109306156,0.047325466834497884,0.009352353409641714
0.022180582602789593,0.14834994369873483,0.1250303142095887,0.0944150822205087,0.04725163359128987,0.07797869183229457,0.048868907478226455,0.009664664492611032
0.02273729205163113,0.1486667937956306,0.1250337849877833,0.0944150829561707,0.04811551089899155,0.07797867283129362,0.050412348121955025,0.00997697557558035
0.023294001500472665,0.14898364389252639,0.1250372557659779,0.09441508369183269,0.048979388206693224,0.07797865392698905,0.051955788765683596,0.010289286658549668
0.0238507109493142,0.14930049398942216,0.1250407265441725,0.09441508442749467,0.0498432655143949,0.07797863511876992,0.053499229409412166,0.010601597741518986
0.024407420398155737,0.14961734408631794,0.1250441973223671,0.09441508516315666,0.050707142822096575,0.07797861640603733,0.05504267005314074,0.010913908824488304
0.024964129846997272,0.14993419418321371,0.1250476681005617,0.09441508589881865,0.05157102012979825,0.07797859778820382,0.05658611069686931,0.011226219907457622
0.02552083929583881,0.1502510442801095,0.1250511388787563,0.09441508663448064,0.052434897437499926,0.07797857926469273,0.05812955134059788,0.01153853099042694
0.026077548744680344,0.15056789437700527,0.1250546096569509,0.09441508737014263,0.0532987747452016,0.07797856083493762,0.05967299198432645,0.011850842073396258
0.02663425819352188,0.15088474447390104,0.1250580804351455,0.09441508810580462,0.05416265205290328,0.07797854249838174,0.06121643262805502,0.012163153156365576
0.027190967642363416,0.15120159457079682,0.1250615512133401,0.09441508884146661,0.05502652936060495,0.0779785242544775,0.06275987327178359,0.012475464239334894
0.02774767709120495,0.15120174469580447,0.1250650219915347,0.0944150895771286,0.05589040666830663,0.07797850610268606,0.06430331391551215,0.012787775322304212
0.028304386540046488,0.15120189482081212,0.12506849276972928,0.09441509031279059,0.056754283976008305,0.07797848804247678,0.06584675455924072,0.01310008640527353
0.028861095988888023,0.15120204494581976,0.12507196354792388,0.09441509104845258,0.05761816128370998,0.07797847007332688,0.06739019520296928,0.013412397488242848
0.02941780543772956,0.1512021950708274,0.12507543432611848,0.09441509178411457,0.058482038591411656,0.07797845219472098,0.06893363584669784,0.013724708571212167
0.029974514886571095,0.15120234519583506,0.12507890510431308,0.09441509251977656,0.05934591589911333,0.07797843440615079,0.07047707649042641,0.014037019654181485
0.03053122433541263,0.1512024953208427,0.12508237588250767,0.09441509325543855,0.06020979320681501,0.07797841670711474,0.07202051713415497,0.014349330737150803
0.031087933784254167,0.15120264544585035,0.12508584666070227,0.09441509399110054,0.06107367051451668,0.07797839909711764,0.07356395777788353,0.01466164182012012
0.0316446432330957,0.151202795570858,0.12508931743889687,0.09441509472676253,0.06193754782221836,0.0779783815756704,0.0751073984216121,0.014973952903089439
0.03220135268193724,0.15120294569586565,0.12509278821709147,0.09441509546242452,0.06280142512992003,0.07797836414228973,0.07665083906534066,0.015286263986058757
0.032758062130778774,0.1512030958208733,0.12509625899528606,0.09441509619808651,0.0636653024376217,0.07797834679649787,0.07819427970906923,0.015598575069028075
0.03331477157962031,0.15120324594588094,0.12509972977348066,0.0944150969337485,0.06452917974532336,0.07797832953782234,0.07973772035279779,0.015910886151997393
0.033871481028461846,0.1512033960708886,0.12510320055167526,0.09441509766941049,0.06539305705302503,0.07797831236579572,0.08128116099652635,0.01622319723496671
0.03442819047730338,0.15120354619589624,0.12510667132986986,0.09441509840507248,0.0662569343607267,0.07797829527995541,0.08282460164025492,0.01653550831793603
0.03498489992614492,0.15120369632090389,0.12511014210806445,0.09441509914073447,0.06712081166842837,0.07797827827984342,0.08436804228398348,0.016847819400905347
0.03554160937498645,0.15120384644591153,0.12511361288625905,0.09441509987639646,0.06798468897613004,0.0779782613650062,0.08591148292771204,0.017160130483874665
0.03609831882382799,0.15120399657091918,0.12511708366445365,0.09441510061205845,0.06884856628383171,0.07797824453499443,0.08745492357144061,0.017472441566843983
0.036655028272669525,0.15120414669592683,0.12512055444264825,0.09441510134772044,0.06971244359153338,0.07797822778936285,0.08899836421516917,0.0177847526498133
0.03721173772151106,0.15120429682093448,0.12512402522084284,0.09441510208338243,0.07057632089923505,0.07797821112767014,0.09054180485889773,0.01809706373278262
0.0377684471703526,0.15120444694594212,0.12512749599903744,0.09441510281904442,0.07144019820693671,0.07797819454947875,0.0920852455026263,0.018409374815751937
0.03832515661919413,0.15120459707094977,0.12513096677723204,0.0944151035547064,0.07230407551463838,0.07797817805435475,0.09362868614635486,0.018721685898721255
0.03888186606803567,0.15120474719595742,0.12513443755542664,0.0944151042903684,0.07316795282234005,0.0779781616418677,0.09517212679008343,0.019033996981690574
0.039438575516877204,0.15120489732096506,0.12513790833362123,0.09441510502603039,0.07403183013004172,0.07797814531159057,0.09671556743381199,0.01934630806465989
0.03999528496571874,0.1512050474459727,0.12514137911181583,0.09441510576169238,0.07489570743774339,0.07797812906309957,0.09825900807754055,0.01965861914762921
0.040551994414560276,0.15120519757098036,0.12514484989001043,0.09441510649735436,0.07575958474544506,0.07797811289597412,0.09980244872126912,0.019970930230598528
0.04110870386340181,0.151205347695988,0.12514832066820503,0.09441510723301635,0.07662346205314673,0.07797809680979666,0.10134588936499768,0.020283241313567846
0.04166541331224335,0.15120549782099565,0.12515179144639962,0.09441510796867834,0.0774873393608484,0.07797808080415264,0.10288933000872624,0.020595552396537164
0.04222212276108488,0.1512056479460033,0.12515526222459422,0.09441510870434033,0.07835121666855006,0.07797806487863039,0.1044327706524548,0.020907863479506482
0.04277883220992642,0.15120579807101095,0.12515873300278882,0.09441510944000232,0.07921509397625173,0.07797804903282106,0.10597621129618337,0.0212201745624758
0.043335541658767955,0.1512059481960186,0.12516220378098342,0.09441511017566431,0.0800789712839534,0.07797803326631852,0.10751965193991193,0.021532485645445118
0.04389225110760949,0.15120609832102624,0.12516567455917801,0.0944151109113263,0.08094284859165507,0.07797801757871935,0.1090630925836405,0.021844796728414436
0.0,0.0,0.0,0.0,0.0,0.0,0.0,0.0
7.010780302899377e-7,7.514658444864158e-7,1.628757590230224e-6,0.0006978393201872492,1.9295327651112418e-6,0.004293248785005985,3.496342975667544e-6,4.047176009809241e-7
1.4021560605798753e-6,1.5029316889728315e-6,3.257515180460448e-6,0.0013956786403744985,3.8590655302224835e-6,0.00858649757001197,6.992685951335088e-6,8.094352019618482e-7
2.103234090869813e-6,2.254397533459247e-6,4.886272770690672e-6,0.002093517960561748,5.788598295333725e-6,0.012879746355017955,1.0489028927002633e-5,1.2141528029427723e-6
2.8043121211597506e-6,3.005863377945663e-6,6.515030360920896e-6,0.002791357280748997,7.718131060444967e-6,0.01717299514002394,1.3985371902670177e-5,1.6188704039236964e-6
3.5053901514496884e-6,3.757329222432079e-6,8.14378795115112e-6,0.003489196600936246,9.647663825556208e-6,0.021466243925029924,1.748171487833772e-5,2.0235880049046207e-6
4.206468181739626e-6,4.508795066918495e-6,9.772545541381345e-6,0.004187035921123496,1.1577196590667449e-5,0.025759492710035907,2.0978057854005266e-5,2.428305605885545e-6
4.9075462120295635e-6,5.260260911404911e-6,1.140130313161157e-5,0.004884875241310745,1.350672935577869e-5,0.03005274149504189,2.447440082967281e-5,2.8330232068664693e-6
5.608624242319501e-6,6.011726755891327e-6,1.3030060721841794e-5,0.005582714561497995,1.543626212088993e-5,0.034345990280047874,2.7970743805340357e-5,3.2377408078473936e-6
6.309702272609439e-6,6.763192600377743e-6,1.4658818312072019e-5,0.006280553881685244,1.736579488600117e-5,0.03863923906505386,3.14670867810079e-5,3.642458408828318e-6
7.010780302899377e-6,7.514658444864159e-6,1.628757590230224e-5,0.006978393201872494,1.9295327651112412e-5,0.04293248785005984,3.496342975667544e-5,4.047176009809242e-6
7.711858333189314e-6,8.266124289350574e-6,1.7916333492532464e-5,0.007676232522059743,2.1224860416223653e-5,0.047225736635065824,3.845977273234298e-5,4.4518936107901665e-6
8.412936363479251e-6,9.01759013383699e-6,1.9545091082762687e-5,0.008374071842246993,2.3154393181334894e-5,0.05151898542007181,4.1956115708010525e-5,4.856611211771091e-6
9.11401439376919e-6,9.769055978323406e-6,2.117384867299291e-5,0.009071911162434242,2.5083925946446135e-5,0.05581223420507779,4.545245868367807e-5,5.261328812752015e-6
9.815092424059127e-6,1.0520521822809822e-5,2.2802606263223133e-5,0.00976975048262149,2.7013458711557376e-5,0.060105482990083774,4.894880165934561e-5,5.6660464137329395e-6
1.0516170454349065e-5,1.1271987667296238e-5,2.4431363853453355e-5,0.010467589802808739,2.8942991476668617e-5,0.06439873177508976,5.244514463501315e-5,6.070764014713864e-6
1.1217248484639003e-5,1.2023453511782654e-5,2.6060121443683578e-5,0.011165429122995988,3.087252424177986e-5,0.06869198056009575,5.594148761068069e-5,6.475481615694788e-6
1.191832651492894e-5,1.277491935626907e-5,2.76888790339138e-5,0.011863268443183236,3.2802057006891106e-5,0.07298522934510174,5.9437830586348235e-5,6.880199216675712e-6
1.2619404545218878e-5,1.3526385200755486e-5,2.9317636624144024e-5,0.012561107763370485,3.473158977200235e-5,0.07727847813010773,6.293417356201578e-5,7.284916817656637e-6
1.3320482575508816e-5,1.4277851045241902e-5,3.094639421437425e-5,0.013258947083557734,3.6661122537113594e-5,0.08157172691511372,6.643051653768333e-5,7.68963441863756e-6
1.4021560605798754e-5,1.5029316889728318e-5,3.2575151804604476e-5,0.013956786403744982,3.859065530222484e-5,0.08586497570011971,6.992685951335087e-5,8.094352019618484e-6
1.5661010327750422e-5,2.0610359586098616e-5,3.593996305655169e-5,0.017208491609973516,4.506671411020798e-5,0.0858861251587079,0.0017622066596602163,2.589852457778193e-5
1.730046004970209e-5,2.6191402282468917e-5,3.9304774308498906e-5,0.020460196816202047,5.1542772918191115e-5,0.0859072746172961,0.003454486459807082,4.3702697135945375e-5
1.8939909771653757e-5,3.177244497883922e-5,4.266958556044612e-5,0.023711902022430578,5.8018831726174253e-5,0.08592842407588429,0.005146766259953948,6.150686969410882e-5
2.0579359493605424e-5,3.7353487675209514e-5,4.6034396812393335e-5,0.02696360722865911,6.44948905341574e-5,0.08594957353447248,0.006839046060100813,7.931104225227226e-5
2.221880921555709e-5,4.293453037157981e-5,4.939920806434055e-5,0.03021531243488764,7.097094934214054e-5,0.08597072299306067,0.008531325860247678,9.711521481043571e-5
2.3858258937508758e-5,4.851557306795011e-5,5.2764019316287764e-5,0.033467017641116176,7.744700815012368e-5,0.08599187245164887,0.010223605660394543,0.00011491938736859915
2.5497708659460425e-5,5.4096615764320404e-5,5.612883056823498e-5,0.036718722847344704,8.392306695810681e-5,0.08601302191023706,0.011915885460541408,0.0001327235599267626
2.7137158381412092e-5,5.96776584606907e-5,5.9493641820182194e-5,0.03997042805357323,9.039912576608995e-5,0.08603417136882525,0.013608165260688273,0.00015052773248492603
2.877660810336376e-5,6.5258701157061e-5,6.285845307212942e-5,0.04322213325980176,9.687518457407309e-5,0.08605532082741345,0.015300445060835138,0.0001683319050430895
3.0416057825315426e-5,7.08397438534313e-5,6.622326432407663e-5,0.04647383846603029,0.00010335124338205623,0.08607647028600164,0.016992724860982005,0.00018613607760125295
3.20555075472671e-5,7.64207865498016e-5,6.958807557602384e-5,0.049725543672258815,0.00010982730219003937,0.08609761974458983,0.018685004661128872,0.0002039402501594164
3.369495726921877e-5,8.20018292461719e-5,7.295288682797106e-5,0.05297724887848734,0.0001163033609980225,0.08611876920317803,0.02037728446127574,0.00022174442271757986
3.533440699117044e-5,8.758287194254219e-5,7.631769807991827e-5,0.05622895408471587,0.00012277941980600566,0.08613991866176622,0.022069564261422606,0.00023954859527574332
3.697385671312211e-5,9.316391463891249e-5,7.968250933186549e-5,0.0594806592909444,0.0001292554786139888,0.08616106812035441,0.023761844061569472,0.0002573527678339068
3.861330643507378e-5,9.874495733528279e-5,8.30473205838127e-5,0.06273236449717293,0.00013573153742197193,0.08618221757894261,0.02545412386171634,0.00027515694039207024
4.025275615702545e-5,0.00010432600003165308,8.641213183575992e-5,0.06598406970340145,0.00014220759622995507,0.0862033670375308,0.027146403661863206,0.0002929611129502337
4.189220587897712e-5,0.00010990704272802338,8.977694308770713e-5,0.06923577490962998,0.0001486836550379382,0.086224516496119,0.028838683462010073,0.00031076528550839715
4.353165560092879e-5,0.00011548808542439368,9.314175433965435e-5,0.07248748011585851,0.00015515971384592135,0.08624566595470719,0.03053096326215694,0.0003285694580665606
4.517110532288046e-5,0.00012106912812076397,9.650656559160156e-5,0.07573918532208704,0.0001616357726539045,0.08626681541329538,0.03222324306230381,0.00034637363062472407
4.681055504483213e-5,0.00012665017081713427,9.987137684354878e-5,0.07899089052831557,0.00016811183146188763,0.08628796487188357,0.03391552286245067,0.00036417780318288753
5.301235677136694e-5,0.00013137977056822304,0.0001033299303205188,0.07899750044139274,0.00017109300264663176,0.08629261490654866,0.03885596223255272,0.00039510735919923243
5.9214158497901746e-5,0.00013610937031931182,0.00010678848379748881,0.07900411035446991,0.0001740741738313759,0.08629726494121374,0.04379640160265477,0.00042603691521557734
6.541596022443655e-5,0.0001408389700704006,0.00011024703727445883,0.07901072026754709,0.00017705534501612002,0.08630191497587883,0.04873684097275682,0.00045696647123192225
7.161776195097137e-5,0.00014556856982148936,0.00011370559075142885,0.07901733018062426,0.00018003651620086415,0.08630656501054391,0.053677280342858874,0.00048789602724826715
7.781956367750618e-5,0.00015029816957257814,0.00011716414422839887,0.07902394009370144,0.00018301768738560829,0.086311215045209,0.058617719712960925,0.0005188255832646121
8.4021365404041e-5,0.0001550277693236669,0.00012062269770536889,0.07903055000677861,0.00018599885857035242,0.08631586507987409,0.06355815908306298,0.000549755139280957
9.022316713057581e-5,0.00015975736907475568,0.0001240812511823389,0.07903715991985578,0.00018898002975509655,0.08632051511453917,0.06849859845316503,0.0005806846952973019
9.642496885711063e-5,0.00016448696882584446,0.0001275398046593089,0.07904376983293296,0.00019196120093984068,0.08632516514920426,0.07343903782326708,0.0006116142513136468
0.00010262677058364544,0.00016921656857693323,0.00013099835813627892,0.07905037974601013,0.0001949423721245848,0.08632981518386934,0.07837947719336913,0.0006425438073299917
0.00010882857231018025,0.000173946168328022,0.00013445691161324892,0.0790569896590873,0.00019792354330932895,0.08633446521853443,0.08331991656347118,0.0006734733633463366
0.00011503037403671507,0.00017867576807911078,0.00013791546509021892,0.07906359957216448,0.00020090471449407308,0.08633911525319951,0.08826035593357323,0.0007044029193626815
0.00012123217576324988,0.00018340536783019955,0.00014137401856718893,0.07907020948524165,0.0002038858856788172,0.0863437652878646,0.09320079530367528,0.0007353324753790264
0.00012743397748978468,0.00018813496758128832,0.00014483257204415893,0.07907681939831883,0.00020686705686356134,0.08634841532252968,0.09814123467377733,0.0007662620313953713
0.00013363577921631948,0.0001928645673323771,0.00014829112552112894,0.079083429311396,0.00020984822804830547,0.08635306535719477,0.10308167404387938,0.0007971915874117162
0.00013983758094285428,0.00019759416708346587,0.00015174967899809894,0.07909003922447318,0.0002128293992330496,0.08635771539185985,0.10802211341398144,0.0008281211434280611
0.00014603938266938908,0.00020232376683455464,0.00015520823247506895,0.07909664913755035,0.00021581057041779374,0.08636236542652494,0.11296255278408349,0.000859050699444406
0.00015224118439592389,0.00020705336658564342,0.00015866678595203895,0.07910325905062753,0.00021879174160253787,0.08636701546119002,0.11790299215418554,0.0008899802554607509
0.00015844298612245869,0.0002117829663367322,0.00016212533942900896,0.0791098689637047,0.000221772912787282,0.08637166549585511,0.12284343152428759,0.0009209098114770958
0.0001646447878489935,0.00021651256608782096,0.00016558389290597896,0.07911647887678187,0.00022475408397202613,0.08637631553052019,0.12778387089438964,0.0009518393674934407
0.0001708465895755283,0.00022124216583890974,0.00016904244638294897,0.07912308878985905,0.00022773525515677027,0.08638096556518528,0.1327243102644917,0.0009827689235097858
0.00020624595549608403,0.00024397367669941339,0.0001945073023393873,0.07916497452608638,0.0018496037423343147,0.086388424359349,0.13294557247347905,0.004006697964216343
0.00024164532141663977,0.00026670518755991704,0.0002199721582958256,0.07920686026231372,0.003471472229511859,0.08639588315351272,0.1331668346824664,0.0070306270049229
0.0002770446873371955,0.0002894366984204207,0.00024543701425226396,0.07924874599854105,0.005093340716689403,0.08640334194767645,0.13338809689145376,0.010054556045629458
0.00031244405325775123,0.00031216820928092433,0.0002709018702087023,0.07929063173476839,0.006715209203866947,0.08640334546492007,0.1336093591004411,0.013078485086336016
0.00034784341917830694,0.000334899720141428,0.0002963667261651406,0.07933251747099572,0.008337077691044492,0.08640334898216369,0.13383062130942847,0.016102414127042573
0.00038324278509886266,0.00035763123100193163,0.00032183158212157893,0.07937440320722305,0.009958946178222038,0.08640335249940731,0.13405188351841582,0.01912634316774913
0.0004186421510194184,0.0003803627418624353,0.00034729643807801725,0.07941628894345039,0.011580814665399583,0.08640335601665093,0.13427314572740318,0.02215027220845569
0.0004540415169399741,0.00040309425272293893,0.0003727612940344556,0.07945817467967772,0.013202683152577128,0.08640335953389455,0.13449440793639053,0.025174201249162247
0.0004894408828605299,0.0004258257635834426,0.0003982261499908939,0.07950006041590506,0.014824551639754673,0.08640336305113817,0.13471567014537789,0.028198130289868804
0.0005248402487810856,0.00044855727444394623,0.0004236910059473322,0.07954194615213239,0.016446420126932218,0.0864033665683818,0.13493693235436524,0.031222059330575362
0.0005602396147016414,0.0004712887853044499,0.00044915586190377054,0.07958383188835973,0.01806828861410976,0.08640337008562542,0.1351581945633526,0.03424598837128192
0.0005956389806221972,0.0004940202961649535,0.00047462071786020886,0.07962571762458706,0.019690157101287305,0.08640337360286904,0.13537945677233995,0.03726991741198848
0.0006310383465427529,0.0005167518070254572,0.0005000855738166472,0.0796676033608144,0.021312025588464848,0.08640337712011266,0.1356007189813273,0.040293846452695035
0.0006664377124633087,0.0005394833178859608,0.0005255504297730856,0.07970948909704173,0.02293389407564239,0.08640338063735628,0.13582198119031466,0.04331777549340159
0.0007018370783838645,0.0005622148287464645,0.0005510152857295239,0.07975137483326906,0.024555762562819935,0.0864033841545999,0.13604324339930202,0.04634170453410815
0.0007372364443044202,0.0005849463396069681,0.0005764801416859622,0.0797932605694964,0.026177631049997478,0.08640338767184352,0.13626450560828937,0.04936563357481471
0.000772635810224976,0.0006076778504674718,0.0006019449976424005,0.07983514630572373,0.02779949953717502,0.08640339118908714,0.13648576781727673,0.05238956261552127
0.0008080351761455318,0.0006304093613279754,0.0006274098535988389,0.07987703204195107,0.029421368024352565,0.08640339470633077,0.13670703002626408,0.055413491656227824
0.0008434345420660875,0.0006531408721884791,0.0006528747095552772,0.0799189177781784,0.03104323651153011,0.08640339822357439,0.13692829223525144,0.05843742069693438
0.0008788339079866433,0.0006758723830489827,0.0006783395655117155,0.07996080351440574,0.03266510499870765,0.08640340174081801,0.1371495544442388,0.06146134973764094
0.0009273554102859034,0.0007660304003605902,0.0008666440122091653,0.0800910271073711,0.03690667638660483,0.08648908469259879,0.13724735990862452,0.06157908237430359
0.0009758769125851634,0.0008561884176721975,0.001054948458906615,0.08022125070033645,0.04114824777450201,0.08648908772346832,0.13734516537301025,0.06169681501096624
0.0010243984148844236,0.0009463464349838049,0.0012432529056040646,0.0803514742933018,0.04538981916239919,0.08648909075433785,0.1373452239760128,0.0616969556196372
0.0010729199171836837,0.0010365044522954122,0.0014315573523015143,0.08048169788626716,0.04963139055029637,0.08648909378520737,0.13734528257901532,0.061697096228308164
0.0011214414194829438,0.0011266624696070196,0.001619861798998964,0.08061192147923252,0.05387296193819355,0.0864890968160769,0.13734534118201785,0.06169723683697913
0.0011699629217822038,0.001216820486918627,0.0018081662456964137,0.08074214507219787,0.05811453332609073,0.08648909984694643,0.1373453997850204,0.06169737744565009
0.0012184844240814639,0.0013069785042302343,0.0019964706923938634,0.08087236866516323,0.062356104713987906,0.08648910287781596,0.13734545838802292,0.061697518054321054
0.001267005926380724,0.0013971365215418416,0.002184775139091313,0.08100259225812859,0.06659767610188508,0.08648910590868548,0.13734551699102546,0.06169765866299202
0.001315527428679984,0.001487294538853449,0.0023730795857887627,0.08113281585109394,0.07083924748978225,0.08648910893955501,0.137345575594028,0.06169779927166298
0.001364048930979244,0.0015774525561650563,0.0025613840324862124,0.0812630394440593,0.07508081887767942,0.08648911197042454,0.13734563419703053,0.061697939880333945
0.0014125704332785041,0.0016676105734766637,0.002749688479183662,0.08139326303702465,0.0793223902655766,0.08648911500129407,0.13734569280003306,0.06169808048900491
0.0014610919355777642,0.001757768590788271,0.0029379929258811117,0.08152348662999001,0.08356396165347377,0.0864891180321636,0.1373457514030356,0.06169822109767587
0.0015096134378770243,0.0018479266080998783,0.0031262973725785614,0.08165371022295537,0.08780553304137094,0.08648912106303312,0.13734581000603813,0.061698361706346835
0.0015581349401762843,0.0019380846254114857,0.003314601819276011,0.08178393381592072,0.09204710442926811,0.08648912409390265,0.13734586860904066,0.0616985023150178
0.0016066564424755444,0.002028242642723093,0.0035029062659734608,0.08178448876474592,0.09628867581716528,0.08648912712477218,0.1373459272120432,0.06169864292368876
0.0016551779447748045,0.0021184006600347004,0.0036912107126709105,0.08178504371357112,0.10053024720506246,0.0864891301556417,0.13734598581504573,0.061698783532359726
0.0017036994470740645,0.0022085586773463077,0.00387951515936836,0.08178559866239632,0.10477181859295963,0.08648913318651123,0.13734604441804826,0.06169892414103069
0.0017522209493733246,0.002298716694657915,0.00406781960606581,0.08178615361122152,0.1090133899808568,0.08648913621738076,0.1373461030210508,0.06169906474970165
0.0018007424516725847,0.0023888747119695224,0.00425612405276326,0.08178670856004672,0.11325496136875397,0.08648913924825029,0.13734616162405333,0.061699205358372616
0.0018492639539718447,0.0024790327292811298,0.00444442849946071,0.08178726350887192,0.11749653275665115,0.08648914227911982,0.13734622022705587,0.06169934596704358
0.002313608770958828,0.004770084664711951,0.0053884621791431995,0.08184695544711902,0.1177936755317117,0.08663274252120304,0.13799670056356245,0.061849000243045814
0.0027779535879458115,0.007061136600142773,0.006332495858825689,0.08190664738536613,0.11779398786147036,0.08663274515305804,0.1379967530744897,0.06184912703508692
0.003242298404932795,0.009352188535573595,0.0072765295385081785,0.0819068777938205,0.11779430019122901,0.08663274778491303,0.13799680558541694,0.06184925382712803
0.0037066432219197785,0.011643240471004417,0.008220563218190667,0.08190710820227487,0.11779461252098766,0.08663275041676803,0.13799685809634418,0.06184938061916914
0.004170988038906762,0.013934292406435239,0.009164596897873157,0.08190733861072924,0.11779492485074632,0.08663275304862303,0.13799691060727143,0.06184950741121025
0.0046353328558937455,0.01622534434186606,0.010108630577555646,0.08190756901918361,0.11779523718050497,0.08663275568047803,0.13799696311819867,0.06184963420325136
0.005099677672880729,0.01851639627729688,0.011052664257238136,0.08190779942763798,0.11779554951026362,0.08663275831233302,0.13799701562912592,0.06184976099529247
0.005564022489867712,0.020807448212727703,0.011996697936920625,0.08190802983609236,0.11779586184002228,0.08663276094418802,0.13799706814005316,0.06184988778733358
0.006028367306854696,0.023098500148158525,0.012940731616603115,0.08190826024454673,0.11779617416978093,0.08663276357604302,0.1379971206509804,0.06185001457937469
0.006492712123841679,0.025389552083589347,0.013884765296285604,0.0819084906530011,0.11779648649953958,0.08663276620789802,0.13799717316190765,0.0618501413714158
0.006957056940828663,0.02768060401902017,0.014828798975968093,0.08190872106145547,0.11779679882929824,0.08663276883975302,0.1379972256728349,0.06185026816345691
0.007421401757815646,0.02997165595445099,0.015772832655650583,0.08190895146990984,0.11779711115905689,0.08663277147160801,0.13799727818376215,0.06185039495549802
0.00788574657480263,0.03226270788988181,0.01671686633533307,0.08190918187836421,0.11779742348881554,0.08663277410346301,0.1379973306946894,0.061850521747539126
0.008350091391789613,0.03455375982531263,0.01766090001501556,0.08190941228681858,0.1177977358185742,0.08663277673531801,0.13799738320561664,0.061850648539580236
0.008814436208776597,0.036844811760743446,0.018604933694698046,0.08190964269527296,0.11779804814833285,0.08663277936717301,0.13799743571654388,0.061850775331621345
0.00927878102576358,0.039135863696174264,0.019548967374380534,0.08190987310372733,0.1177983604780915,0.086632781999028,0.13799748822747113,0.061850902123662455
0.009743125842750564,0.04142691563160508,0.02049300105406302,0.0819101035121817,0.11779867280785015,0.086632784630883,0.13799754073839837,0.061851028915703564
0.010207470659737547,0.0437179675670359,0.02143703473374551,0.08191033392063607,0.11779898513760881,0.086632787262738,0.13799759324932562,0.06185115570774467
0.01067181547672453,0.04600901950246672,0.022381068413427997,0.08191056432909044,0.11779929746736746,0.086632789894593,0.13799764576025286,0.06185128249978578
0.011136160293711514,0.04830007143789754,0.023325102093110485,0.08191079473754481,0.11779960979712611,0.086632792526448,0.1379976982711801,0.06185140929182689
0.011600505110698498,0.050591123373328356,0.024269135772792973,0.08191102514599918,0.11779992212688477,0.086632795158303,0.13799775078210735,0.061851536083868
0.012064849927685481,0.052882175308759174,0.02521316945247546,0.08191125555445355,0.11780023445664342,0.08663279779015799,0.1379978032930346,0.06185166287590911
0.012529194744672465,0.05517322724418999,0.026157203132157948,0.08191148596290793,0.11780054678640207,0.08663280042201299,0.13799785580396184,0.06185178966795022
0.012993539561659448,0.05746427917962081,0.027101236811840436,0.0819117163713623,0.11780085911616073,0.08663280305386799,0.1379979083148891,0.06185191645999133
0.013457884378646432,0.05975533111505163,0.028045270491522924,0.08191194677981667,0.11780117144591938,0.08663280568572299,0.13799796082581633,0.06185204325203244
0.013922229195633415,0.06204638305048245,0.02898930417120541,0.08191217718827104,0.11780148377567803,0.08663280831757798,0.13799801333674358,0.06185217004407355
0.014386574012620399,0.06433743498591327,0.0299333378508879,0.08191240759672541,0.11780179610543669,0.08663281094943298,0.13799806584767083,0.06185229683611466
0.014850918829607382,0.06662848692134409,0.030877371530570387,0.08191263800517978,0.11780210843519534,0.08663281358128798,0.13799811835859807,0.06185242362815577
0.015315263646594366,0.0689195388567749,0.031821405210252875,0.08191286841363415,0.117802420764954,0.08663281621314298,0.13799817086952532,0.061852550420196876
0.015779608463581347,0.07121059079220572,0.03276543888993536,0.08191309882208853,0.11780273309471265,0.08663281884499797,0.13799822338045256,0.061852677212237986
0.01624395328056833,0.07350164272763654,0.03370947256961785,0.0819133292305429,0.1178030454244713,0.08663282147685297,0.1379982758913798,0.061852804004279095
0.016708298097555314,0.07579269466306736,0.03465350624930034,0.08191355963899727,0.11780335775422995,0.08663282410870797,0.13799832840230705,0.061852930796320205
0.017172642914542298,0.07808374659849818,0.035597539928982826,0.08191379004745164,0.11780367008398861,0.08663282674056297,0.1379983809132343,0.061853057588361314
0.01763698773152928,0.080374798533929,0.03654157360866531,0.08191402045590601,0.11780398241374726,0.08663282937241797,0.13799843342416154,0.06185318438040242
0.018101332548516265,0.08266585046935981,0.0374856072883478,0.08191425086436038,0.11780429474350591,0.08663283200427296,0.1379984859350888,0.06185331117244353
0.01856567736550325,0.08495690240479063,0.03842964096803029,0.08191448127281475,0.11780460707326457,0.08663283463612796,0.13799853844601603,0.06185343796448464
0.019030022182490232,0.08724795434022145,0.03937367464771278,0.08191471168126913,0.11780491940302322,0.08663283726798296,0.13799859095694328,0.06185356475652575
0.019494366999477215,0.08953900627565227,0.040317708327395264,0.0819149420897235,0.11780523173278187,0.08663283989983796,0.13799864346787052,0.06185369154856686
0.0199587118164642,0.09183005821108309,0.04126174200707775,0.08191517249817787,0.11780554406254053,0.08663284253169296,0.13799869597879777,0.06185381834060797
0.020423056633451182,0.0941211101465139,0.04220577568676024,0.08191540290663224,0.11780585639229918,0.08663284516354795,0.13799874848972501,0.06185394513264908
0.020887401450438166,0.09641216208194472,0.04314980936644273,0.08191563331508661,0.11780616872205783,0.08663284779540295,0.13799880100065226,0.06185407192469019
0.02135174626742515,0.09870321401737554,0.044093843046125215,0.08191586372354098,0.11780648105181649,0.08663285042725795,0.1379988535115795,0.0618541987167313
0.021816091084412133,0.10099426595280636,0.0450378767258077,0.08191609413199535,0.11780679338157514,0.08663285305911295,0.13799890602250675,0.06185432550877241
0.022280435901399116,0.10328531788823718,0.04598191040549019,0.08191632454044973,0.11780710571133379,0.08663285569096794,0.137998958533434,0.06185445230081352
0.0227447807183861,0.105576369823668,0.04692594408517268,0.0819165549489041,0.11780741804109245,0.08663285832282294,0.13799901104436124,0.06185457909285463
0.023209125535373083,0.10786742175909882,0.047869977764855166,0.08191678535735847,0.1178077303708511,0.08663286095467794,0.1379990635552885,0.061854705884895736
0.023673470352360067,0.11015847369452964,0.048814011444537654,0.08191701576581284,0.11780804270060975,0.08663286358653294,0.13799911606621573,0.061854832676936845
0.02413781516934705,0.11244952562996045,0.04975804512422014,0.08191724617426721,0.1178083550303684,0.08663286621838794,0.13799916857714298,0.061854959468977955
0.024602159986334034,0.11474057756539127,0.05070207880390263,0.08191747658272158,0.11780866736012706,0.08663286885024293,0.13799922108807022,0.061855086261019064
0.025066504803321017,0.11703162950082209,0.05164611248358512,0.08191770699117595,0.11780897968988571,0.08663287148209793,0.13799927359899747,0.061855213053060173
0.025530849620308,0.11932268143625291,0.052590146163267605,0.08191793739963033,0.11780929201964437,0.08663287411395293,0.1379993261099247,0.06185533984510128
0.025995194437294984,0.12161373337168373,0.05353417984295009,0.0819181678080847,0.11780960434940302,0.08663287674580793,0.13799937862085196,0.06185546663714239
0.026459539254281968,0.12390478530711455,0.05447821352263258,0.08191839821653907,0.11780991667916167,0.08663287937766292,0.1379994311317792,0.0618555934291835
0.02692388407126895,0.12619583724254538,0.05542224720231507,0.08191862862499344,0.11781022900892033,0.08663288200951792,0.13799948364270645,0.06185572022122461
0.027388228888255935,0.1284868891779762,0.056366280881997556,0.08191885903344781,0.11781054133867898,0.08663288464137292,0.1379995361536337,0.06185584701326572
0.027852573705242918,0.13077794111340704,0.057310314561680044,0.08191908944190218,0.11781085366843763,0.08663288727322792,0.13799958866456094,0.06185597380530683
0.0283169185222299,0.13306899304883787,0.05825434824136253,0.08191931985035655,0.11781116599819628,0.08663288990508292,0.13799964117548819,0.06185610059734794
0.028781263339216885,0.1353600449842687,0.05919838192104502,0.08191955025881092,0.11781147832795494,0.08663289253693791,0.13799969368641543,0.06185622738938905
0.02924560815620387,0.13536157570694743,0.06014241560072751,0.0819197806672653,0.11781179065771359,0.08663289516879291,0.13799974619734268,0.06185635418143016
0.029709952973190852,0.13536310642962615,0.061086449280409995,0.08192001107571967,0.11781210298747224,0.08663289780064791,0.13799979870826992,0.06185648097347127
0.0,0.0,0.0,0.0,0.0,0.0,0.0,0.0
6.180243216098315e-6,8.269183087645886e-7,2.36263687986591e-6,0.000634803742339855,9.591557920882494e-7,0.004299893978240194,5.247143656038653e-6,4.972618156709571e-5
1.236048643219663e-5,1.6538366175291772e-6,4.72527375973182e-6,0.00126960748467971,1.918311584176499e-6,0.008599787956480387,1.0494287312077305e-5,9.945236313419141e-5
1.8540729648294945e-5,2.4807549262937656e-6,7.0879106395977305e-6,0.001904411227019565,2.877467376264748e-6,0.012899681934720582,1.5741430968115958e-5,0.00014917854470128711
2.472097286439326e-5,3.3076732350583543e-6,9.45054751946364e-6,0.00253921496935942,3.836623168352998e-6,0.017199575912960775,2.098857462415461e-5,0.00019890472626838283
3.0901216080491574e-5,4.134591543822943e-6,1.181318439932955e-5,0.0031740187116992753,4.795778960441247e-6,0.021499469891200967,2.6235718280193264e-5,0.0002486309078354785
3.708145929658989e-5,4.961509852587531e-6,1.417582127919546e-5,0.0038088224540391304,5.754934752529497e-6,0.02579936386944116,3.1482861936231916e-5,0.00029835708940257423
4.3261702512688204e-5,5.7884281613521195e-6,1.653845815906137e-5,0.004443626196378985,6.7140905446177464e-6,0.030099257847681353,3.6730005592270566e-5,0.00034808327096966994
4.944194572878652e-5,6.615346470116708e-6,1.890109503892728e-5,0.00507842993871884,7.673246336705995e-6,0.03439915182592155,4.197714924830922e-5,0.00039780945253676565
5.5622188944884834e-5,7.442264778881296e-6,2.126373191879319e-5,0.005713233681058695,8.632402128794244e-6,0.038699045804161745,4.722429290434788e-5,0.00044753563410386137
6.180243216098315e-5,8.269183087645884e-6,2.3626368798659103e-5,0.0063480374233985505,9.591557920882493e-6,0.04299893978240194,5.2471436560386534e-5,0.000497261815670957
6.798267537708146e-5,9.096101396410473e-6,2.5989005678525014e-5,0.006982841165738406,1.0550713712970742e-5,0.04729883376064214,5.771858021642519e-5,0.0005469879972380527
7.416291859317978e-5,9.923019705175061e-6,2.8351642558390925e-5,0.007617644908078261,1.150986950505899e-5,0.051598727738882334,6.296572387246385e-5,0.0005967141788051485
8.03431618092781e-5,1.0749938013939649e-5,3.071427943825683e-5,0.008252448650418116,1.2469025297147239e-5,0.05589862171712253,6.82128675285025e-5,0.0006464403603722442
8.652340502537641e-5,1.1576856322704237e-5,3.3076916318122745e-5,0.00888725239275797,1.3428181089235488e-5,0.06019851569536273,7.346001118454116e-5,0.0006961665419393399
9.270364824147472e-5,1.2403774631468826e-5,3.5439553197988656e-5,0.009522056135097825,1.4387336881323737e-5,0.06449840967360292,7.870715484057981e-5,0.0007458927235064356
9.888389145757304e-5,1.3230692940233414e-5,3.780219007785457e-5,0.010156859877437679,1.5346492673411987e-5,0.06879830365184311,8.395429849661847e-5,0.0007956189050735313
0.00010506413467367135,1.4057611248998002e-5,4.016482695772048e-5,0.010791663619777533,1.6305648465500237e-5,0.07309819763008331,8.920144215265713e-5,0.000845345086640627
0.00011124437788976967,1.488452955776259e-5,4.252746383758639e-5,0.011426467362117387,1.7264804257588488e-5,0.0773980916083235,9.444858580869578e-5,0.0008950712682077227
0.00011742462110586798,1.571144786652718e-5,4.48901007174523e-5,0.012061271104457242,1.822396004967674e-5,0.0816979855865637,9.969572946473444e-5,0.0009447974497748185
0.0001236048643219663,1.653836617529177e-5,4.725273759731821e-5,0.012696074846797096,1.918311584176499e-5,0.0859978795648039,0.0001049428731207731,0.000994523631341914
0.0001259190389870489,1.7852170619991905e-5,4.9189740050713344e-5,0.012733102432036498,2.2072769462486242e-5,0.08601606539716837,0.0019619130526053663,0.004073885399069544
0.00012823321365213153,1.916597506469204e-5,5.1126742504108475e-5,0.0127701300172759,2.4962423083207495e-5,0.08603425122953284,0.0038188832320899596,0.007153247166797175
0.00013054738831721414,2.0479779509392176e-5,5.3063744957503606e-5,0.012807157602515303,2.785207670392875e-5,0.08605243706189732,0.005675853411574553,0.010232608934524805
0.00013286156298229675,2.1793583954092312e-5,5.500074741089874e-5,0.012844185187754705,3.074173032465e-5,0.08607062289426179,0.007532823591059146,0.013311970702252436
0.00013517573764737937,2.3107388398792448e-5,5.693774986429387e-5,0.012881212772994107,3.3631383945371255e-5,0.08608880872662626,0.009389793770543739,0.016391332469980067
0.00013748991231246198,2.4421192843492584e-5,5.8874752317689e-5,0.01291824035823351,3.652103756609251e-5,0.08610699455899073,0.011246763950028332,0.019470694237707697
0.0001398040869775446,2.573499728819272e-5,6.081175477108413e-5,0.012955267943472912,3.941069118681376e-5,0.08612518039135521,0.013103734129512925,0.022550056005435328
0.0001421182616426272,2.7048801732892856e-5,6.274875722447926e-5,0.012992295528712314,4.2300344807535014e-5,0.08614336622371968,0.014960704308997519,0.02562941777316296
0.00014443243630770983,2.836260617759299e-5,6.46857596778744e-5,0.013029323113951717,4.518999842825627e-5,0.08616155205608415,0.01681767448848211,0.02870877954089059
0.00014674661097279244,2.9676410622293128e-5,6.662276213126953e-5,0.013066350699191119,4.807965204897752e-5,0.08617973788844863,0.018674644667966703,0.03178814130861822
0.00014906078563787505,3.099021506699327e-5,6.855976458466466e-5,0.013103378284430521,5.0969305669698774e-5,0.0861979237208131,0.020531614847451297,0.03486750307634585
0.00015137496030295767,3.23040195116934e-5,7.049676703805979e-5,0.013140405869669924,5.385895929042003e-5,0.08621610955317757,0.02238858502693589,0.037946864844073475
0.00015368913496804028,3.361782395639354e-5,7.243376949145492e-5,0.013177433454909326,5.674861291114128e-5,0.08623429538554205,0.024245555206420483,0.0410262266118011
0.0001560033096331229,3.4931628401093674e-5,7.437077194485005e-5,0.013214461040148728,5.963826653186253e-5,0.08625248121790652,0.026102525385905077,0.04410558837952873
0.0001583174842982055,3.624543284579381e-5,7.630777439824518e-5,0.01325148862538813,6.252792015258379e-5,0.08627066705027099,0.02795949556538967,0.047184950147256356
0.00016063165896328813,3.7559237290493946e-5,7.824477685164031e-5,0.013288516210627533,6.541757377330505e-5,0.08628885288263546,0.029816465744874263,0.05026431191498398
0.00016294583362837074,3.887304173519408e-5,8.018177930503544e-5,0.013325543795866935,6.83072273940263e-5,0.08630703871499994,0.03167343592435885,0.05334367368271161
0.00016526000829345335,4.018684617989422e-5,8.211878175843058e-5,0.013362571381106338,7.119688101474757e-5,0.08632522454736441,0.033530406103843446,0.05642303545043924
0.00016757418295853597,4.1500650624594354e-5,8.40557842118257e-5,0.01339959896634574,7.408653463546883e-5,0.08634341037972888,0.03538737628332804,0.059502397218166865
0.00016988835762361858,4.281445506929449e-5,8.599278666522084e-5,0.013436626551585142,7.697618825619009e-5,0.08636159621209336,0.03724434646281263,0.06258175898589449
0.00017958575932879882,5.362460405946858e-5,8.813037980099093e-5,0.013444684016213031,8.281174116532638e-5,0.0863667400837473,0.04219540944112292,0.06258901397456211
0.00018928316103397906,6.443475304964268e-5,9.026797293676103e-5,0.01345274148084092,8.864729407446268e-5,0.08637188395540124,0.047146472419433205,0.06259626896322973
0.0001989805627391593,7.524490203981677e-5,9.240556607253113e-5,0.013460798945468809,9.448284698359897e-5,0.08637702782705518,0.05209753539774349,0.06260352395189735
0.00020867796444433954,8.605505102999086e-5,9.454315920830123e-5,0.013468856410096697,0.00010031839989273527,0.08638217169870913,0.05704859837605378,0.06261077894056497
0.00021837536614951978,9.686520002016496e-5,9.668075234407132e-5,0.013476913874724586,0.00010615395280187157,0.08638731557036307,0.06199966135436406,0.06261803392923258
0.00022807276785470002,0.00010767534901033905,9.881834547984142e-5,0.013484971339352475,0.00011198950571100786,0.08639245944201701,0.06695072433267435,0.0626252889179002
0.00023777016955988026,0.00011848549800051314,0.00010095593861561152,0.013493028803980364,0.00011782505862014416,0.08639760331367095,0.07190178731098464,0.06263254390656782
0.0002474675712650605,0.00012929564699068724,0.00010309353175138161,0.013501086268608253,0.00012366061152928044,0.0864027471853249,0.07685285028929492,0.06263979889523544
0.00025716497297024077,0.00014010579598086134,0.00010523112488715171,0.013509143733236141,0.00012949616443841674,0.08640789105697884,0.08180391326760521,0.06264705388390306
0.00026686237467542104,0.00015091594497103545,0.0001073687180229218,0.01351720119786403,0.00013533171734755303,0.08641303492863278,0.0867549762459155,0.06265430887257067
0.0002765597763806013,0.00016172609396120956,0.0001095063111586919,0.013525258662491919,0.00014116727025668933,0.08641817880028672,0.09170603922422578,0.06266156386123829
0.0002862571780857816,0.00017253624295138366,0.000111643904294462,0.013533316127119808,0.00014700282316582562,0.08641819830325406,0.09665710220253607,0.06266881884990591
0.00029595457979096184,0.00018334639194155777,0.0001137814974302321,0.013541373591747697,0.00015283837607496192,0.0864182178062214,0.10160816518084635,0.06267607383857353
0.0003056519814961421,0.00019415654093173188,0.00011591909056600219,0.013549431056375585,0.00015867392898409821,0.08641823730918874,0.10655922815915664,0.06268332882724115
0.0003153493832013224,0.00020496668992190598,0.00011805668370177229,0.013557488521003474,0.0001645094818932345,0.08641825681215608,0.11151029113746692,0.06269058381590877
0.00032504678490650265,0.0002157768389120801,0.00012019427683754239,0.013565545985631363,0.0001703450348023708,0.08641827631512342,0.11646135411577721,0.06269783880457638
0.0003347441866116829,0.0002265869879022542,0.00012233186997331248,0.013573603450259252,0.0001761805877115071,0.08641829581809075,0.1214124170940875,0.062705093793244
0.0003444415883168632,0.0002373971368924283,0.0001244694631090826,0.01358166091488714,0.0001820161406206434,0.08641831532105809,0.12636348007239778,0.06271234878191162
0.00035413899002204345,0.0002482072858826024,0.0001266070562448527,0.01358971837951503,0.0001878516935297797,0.08641833482402543,0.13131454305070805,0.06271960377057924
0.0003638363917272237,0.00025901743487277646,0.00012874464938062281,0.013597775844142918,0.000193687246438916,0.08641835432699277,0.13626560602901833,0.06272685875924686
0.00046251136663438407,0.00031009571501265014,0.00014311206713055,0.015769030316722096,0.002711365228375273,0.08643836545338822,0.13635686833975832,0.06276253219479892
0.0005611863415415445,0.0003611739951525238,0.00015747948488047716,0.017940284789301274,0.00522904321031163,0.08643838257358592,0.13644813065049832,0.06276255699555837
0.0006598613164487049,0.0004122522752923975,0.00017184690263040433,0.020111539261880453,0.007746721192247987,0.08643839969378363,0.13653939296123832,0.06276258179631782
0.0007585362913558653,0.00046333055543227116,0.0001862143203803315,0.02228279373445963,0.010264399174184344,0.08643841681398133,0.13663065527197832,0.06276260659707726
0.0008572112662630257,0.0005144088355721448,0.00020058173813025868,0.02445404820703881,0.012782077156120702,0.08643843393417903,0.13672191758271832,0.06276263139783671
0.0009558862411701861,0.0005654871157120186,0.00021494915588018585,0.026625302679617987,0.01529975513805706,0.08643845105437674,0.13681317989345831,0.06276265619859615
0.0010545612160773464,0.0006165653958518923,0.00022931657363011303,0.028796557152197165,0.01781743311999342,0.08643846817457444,0.1369044422041983,0.0627626809993556
0.0011532361909845068,0.000667643675991766,0.0002436839913800402,0.030967811624776343,0.020335111101929777,0.08643848529477215,0.13690457355998215,0.06276270580011505
0.0012519111658916672,0.0007187219561316398,0.0002580514091299674,0.03313906609735552,0.022852789083866135,0.08643850241496985,0.13690470491576598,0.06276273060087449
0.0013505861407988276,0.0007698002362715135,0.0002724188268798946,0.0353103205699347,0.025370467065802493,0.08643851953516755,0.1369048362715498,0.06276275540163394
0.001449261115705988,0.0008208785164113872,0.0002867862446298218,0.037481575042513884,0.02788814504773885,0.08643853665536526,0.13690496762733365,0.06276278020239338
0.0015479360906131485,0.0008719567965512609,0.000301153662379749,0.039652829515093066,0.03040582302967521,0.08643855377556296,0.13690509898311748,0.06276280500315283
0.0016466110655203089,0.0009230350766911347,0.0003155210801296762,0.04182408398767225,0.03292350101161157,0.08643857089576067,0.1369052303389013,0.06276282980391228
0.0017452860404274693,0.0009741133568310084,0.0003298884978796034,0.04399533846025143,0.03544117899354792,0.08643858801595837,0.13690536169468515,0.06276285460467172
0.0018439610153346297,0.001025191636970882,0.0003442559156295306,0.04616659293283061,0.037958856975484276,0.08643860513615607,0.13690549305046898,0.06276287940543117
0.00194263599024179,0.0010762699171107558,0.0003586233333794578,0.04833784740540979,0.04047653495742063,0.08643862225635378,0.1369056244062528,0.06276290420619061
0.0020413109651489505,0.0011273481972506295,0.000372990751129385,0.050509101877988974,0.042994212939356985,0.08643863937655148,0.13690575576203665,0.06276292900695006
0.0021399859400561107,0.0011784264773905032,0.0003873581688793122,0.052680356350568155,0.04551189092129334,0.08643865649674919,0.13690588711782048,0.0627629538077095
0.002238660914963271,0.001229504757530377,0.0004017255866292394,0.05485161082314734,0.048029568903229694,0.08643867361694689,0.1369060184736043,0.06276297860846895
0.002337335889870431,0.0012805830376702507,0.0004160930043791666,0.05702286529572652,0.05054724688516605,0.0864386907371446,0.13690614982938815,0.0627630034092284
0.002503963412503974,0.001516853661655361,0.0005833278177885234,0.057338088564755,0.054388455989325596,0.08655851308092227,0.13700581160283984,0.06281695395878296
0.0026705909351375165,0.0017531242856404713,0.0007505626311978803,0.057653311833783485,0.05822966509348514,0.08655852640926442,0.13700593079440274,0.06281697602198387
0.002837218457771059,0.0019893949096255817,0.0009177974446072371,0.05796853510281197,0.06207087419764469,0.08655853973760658,0.13700604998596563,0.06281699808518477
0.003003845980404602,0.002225665533610692,0.001085032258016594,0.05828375837184045,0.06591208330180424,0.08655855306594873,0.13700616917752853,0.06281702014838568
0.0031704735030381446,0.0024619361575958024,0.001252267071425951,0.058598981640868936,0.0697532924059638,0.08655856639429088,0.13700628836909143,0.06281704221158659
0.0033371010256716873,0.0026982067815809127,0.0014195018848353078,0.05891420490989742,0.07359450151012335,0.08655857972263303,0.13700640756065433,0.06281706427478749
0.00350372854830523,0.002934477405566023,0.0015867366982446646,0.0592294281789259,0.07743571061428291,0.08655859305097519,0.13700652675221722,0.0628170863379884
0.0036703560709387727,0.0031707480295511334,0.0017539715116540215,0.059544651447954386,0.08127691971844246,0.08655860637931734,0.13700664594378012,0.0628171084011893
0.0038369835935723154,0.0034070186535362437,0.0019212063250633783,0.05954508666226521,0.08511812882260202,0.08655861970765949,0.13700676513534302,0.0628171304643902
0.004003611116205858,0.003643289277521354,0.0020884411384727354,0.05954552187657604,0.08895933792676157,0.08655863303600164,0.13700688432690591,0.06281715252759111
0.004170238638839401,0.0038795599015064644,0.002255675951882092,0.059545957090886864,0.09280054703092112,0.0865586463643438,0.1370070035184688,0.06281717459079202
0.004336866161472944,0.004115830525491575,0.002422910765291449,0.05954639230519769,0.09664175613508068,0.08655865969268595,0.1370071227100317,0.06281719665399292
0.0045034936841064875,0.004352101149476685,0.002590145578700806,0.059546827519508516,0.10048296523924023,0.0865586730210281,0.1370072419015946,0.06281721871719383
0.004670121206740031,0.004588371773461795,0.0027573803921101627,0.05954726273381934,0.10432417434339979,0.08655868634937025,0.1370073610931575,0.06281724078039473
0.004836748729373574,0.004824642397446906,0.0029246152055195196,0.05954769794813017,0.10816538344755934,0.0865586996777124,0.1370074802847204,0.06281726284359564
0.005003376252007117,0.005060913021432016,0.0030918500189288764,0.059548133162440994,0.1120065925517189,0.08655871300605456,0.1370075994762833,0.06281728490679654
0.00517000377464066,0.0052971836454171264,0.0032590848323382333,0.05954856837675182,0.11200680721942559,0.08655872633439671,0.1370077186678462,0.06281730696999745
0.005336631297274203,0.005533454269402237,0.00342631964574759,0.059549003591062646,0.11200702188713228,0.08655873966273886,0.1370078378594091,0.06281732903319835
0.005503258819907746,0.005769724893387347,0.003593554459156947,0.05954943880537347,0.11200723655483898,0.08655875299108101,0.137007957050972,0.06281735109639926
0.0056698863425412895,0.0060059955173724575,0.003760789272566304,0.0595498740196843,0.11200745122254567,0.08655876631942316,0.1370080762425349,0.06281737315960016
0.006044373664788075,0.006804157166959467,0.004074759656315479,0.06007810048217959,0.11341846811486314,0.08720958853448915,0.13758355884611384,0.06316520563055951
0.00641886098703486,0.0076023188165464765,0.004388730040064654,0.06007848636142295,0.11341867597070923,0.08720959962300465,0.13758366382303888,0.06316522534392416
0.006793348309281646,0.008400480466133486,0.004702700423813829,0.060078872240666305,0.11341888382655532,0.08720961071152014,0.13758376879996392,0.06316524505728881
0.007167835631528431,0.009198642115720496,0.005016670807563004,0.06007925811990966,0.11341909168240141,0.08720962180003564,0.13758387377688897,0.06316526477065346
0.0075423229537752165,0.009996803765307505,0.005330641191312179,0.06007964399915302,0.1134192995382475,0.08720963288855113,0.137583978753814,0.0631652844840181
0.007916810276022002,0.010794965414894515,0.005644611575061354,0.06008002987839638,0.1134195073940936,0.08720964397706663,0.13758408373073905,0.06316530419738275
0.008291297598268786,0.011593127064481524,0.005958581958810529,0.060080415757639734,0.11341971524993968,0.08720965506558212,0.1375841887076641,0.0631653239107474
0.008665784920515571,0.012391288714068534,0.006272552342559704,0.06008080163688309,0.11341992310578577,0.08720966615409761,0.13758429368458913,0.06316534362411205
0.009040272242762356,0.013189450363655543,0.006586522726308879,0.06008118751612645,0.11342013096163187,0.08720967724261311,0.13758439866151417,0.0631653633374767
0.00941475956500914,0.013987612013242553,0.006900493110058054,0.060081573395369806,0.11342033881747796,0.0872096883311286,0.13758450363843922,0.06316538305084135
0.009789246887255925,0.014785773662829562,0.0072144634938072294,0.06008195927461316,0.11342054667332405,0.0872096994196441,0.13758460861536426,0.063165402764206
0.01016373420950271,0.015583935312416572,0.0075284338775564045,0.06008234515385652,0.11342075452917014,0.0872097105081596,0.1375847135922893,0.06316542247757065
0.010538221531749494,0.01638209696200358,0.00784240426130558,0.06008273103309988,0.11342096238501623,0.08720972159667509,0.13758481856921434,0.0631654421909353
0.010912708853996278,0.017180258611590588,0.008156374645054755,0.060083116912343235,0.11342117024086232,0.08720973268519058,0.13758492354613938,0.06316546190429995
0.011287196176243063,0.017978420261177595,0.00847034502880393,0.06008350279158659,0.11342137809670841,0.08720974377370608,0.13758502852306442,0.0631654816176646
0.011661683498489847,0.018776581910764603,0.008784315412553105,0.06008388867082995,0.1134215859525545,0.08720975486222157,0.13758513349998946,0.06316550133102924
0.012036170820736632,0.01957474356035161,0.00909828579630228,0.060084274550073306,0.11342179380840059,0.08720976595073707,0.1375852384769145,0.0631655210443939
0.012410658142983417,0.02037290520993862,0.009412256180051455,0.060084660429316664,0.11342200166424668,0.08720977703925256,0.13758534345383955,0.06316554075775854
0.012785145465230201,0.021171066859525627,0.00972622656380063,0.06008504630856002,0.11342220952009277,0.08720978812776806,0.1375854484307646,0.06316556047112319
0.013159632787476986,0.021969228509112634,0.010040196947549805,0.06008543218780338,0.11342241737593886,0.08720979921628355,0.13758555340768963,0.06316558018448784
0.01353412010972377,0.022767390158699642,0.01035416733129898,0.060085818067046735,0.11342262523178495,0.08720981030479905,0.13758565838461467,0.06316559989785249
0.013908607431970555,0.02356555180828665,0.010668137715048156,0.06008620394629009,0.11342283308763104,0.08720982139331454,0.13758576336153971,0.06316561961121714
0.01428309475421734,0.024363713457873658,0.01098210809879733,0.06008658982553345,0.11342304094347713,0.08720983248183004,0.13758586833846476,0.06316563932458179
0.014657582076464124,0.025161875107460666,0.011296078482546506,0.06008697570477681,0.11342324879932322,0.08720984357034553,0.1375859733153898,0.06316565903794644
0.015032069398710908,0.025960036757047673,0.01161004886629568,0.060087361584020164,0.11342345665516931,0.08720985465886102,0.13758607829231484,0.06316567875131109
0.015406556720957693,0.02675819840663468,0.011924019250044856,0.06008774746326352,0.1134236645110154,0.08720986574737652,0.13758618326923988,0.06316569846467573
0.01578104404320448,0.02755636005622169,0.01223798963379403,0.06008813334250688,0.1134238723668615,0.08720987683589201,0.13758628824616492,0.06316571817804038
0.016155531365451264,0.028354521705808697,0.012551960017543206,0.060088519221750236,0.11342408022270759,0.08720988792440751,0.13758639322308996,0.06316573789140503
0.01653001868769805,0.029152683355395705,0.01286593040129238,0.06008890510099359,0.11342428807855368,0.087209899012923,0.137586498200015,0.06316575760476968
0.016904506009944833,0.029950845004982712,0.013179900785041556,0.06008929098023695,0.11342449593439977,0.0872099101014385,0.13758660317694005,0.06316577731813433
0.017278993332191617,0.03074900665456972,0.01349387116879073,0.06008967685948031,0.11342470379024586,0.08720992118995399,0.1375867081538651,0.06316579703149898
0.017653480654438402,0.03154716830415673,0.013807841552539906,0.060090062738723665,0.11342491164609195,0.08720993227846949,0.13758681313079013,0.06316581674486363
0.018027967976685186,0.032345329953743736,0.01412181193628908,0.06009044861796702,0.11342511950193804,0.08720994336698498,0.13758691810771517,0.06316583645822828
0.01840245529893197,0.033143491603330744,0.014435782320038256,0.06009083449721038,0.11342532735778413,0.08720995445550048,0.13758702308464021,0.06316585617159293
0.018776942621178756,0.03394165325291775,0.01474975270378743,0.06009122037645374,0.11342553521363022,0.08720996554401597,0.13758712806156526,0.06316587588495758
0.01915142994342554,0.03473981490250476,0.015063723087536606,0.060091606255697094,0.11342574306947631,0.08720997663253147,0.1375872330384903,0.06316589559832222
0.019525917265672325,0.03553797655209177,0.01537769347128578,0.06009199213494045,0.1134259509253224,0.08720998772104696,0.13758733801541534,0.06316591531168687
0.01990040458791911,0.036336138201678775,0.015691663855034958,0.06009237801418381,0.11342615878116849,0.08720999880956246,0.13758744299234038,0.06316593502505152
0.020274891910165894,0.03713429985126578,0.016005634238784133,0.060092763893427166,0.11342636663701458,0.08721000989807795,0.13758754796926542,0.06316595473841617
0.02064937923241268,0.03793246150085279,0.016319604622533308,0.06009314977267052,0.11342657449286067,0.08721002098659345,0.13758765294619046,0.06316597445178082
0.021023866554659463,0.0387306231504398,0.016633575006282483,0.06009353565191388,0.11342678234870676,0.08721003207510894,0.1375877579231155,0.06316599416514547
0.021398353876906247,0.039528784800026806,0.016947545390031658,0.06009392153115724,0.11342699020455285,0.08721004316362443,0.13758786290004055,0.06316601387851012
0.021772841199153032,0.040326946449613814,0.017261515773780833,0.060094307410400595,0.11342719806039894,0.08721005425213993,0.1375879678769656,0.06316603359187477
0.022147328521399817,0.04112510809920082,0.017575486157530008,0.06009469328964395,0.11342740591624503,0.08721006534065542,0.13758807285389063,0.06316605330523942
0.0225218158436466,0.04192326974878783,0.017889456541279183,0.06009507916888731,0.11342761377209112,0.08721007642917092,0.13758817783081567,0.06316607301860407
0.022896303165893386,0.04272143139837484,0.018203426925028358,0.06009546504813067,0.11342782162793721,0.08721008751768641,0.1375882828077407,0.06316609273196871
0.02327079048814017,0.043519593047961845,0.018517397308777533,0.060095850927374024,0.1134280294837833,0.08721009860620191,0.13758838778466576,0.06316611244533336
0.023645277810386955,0.04431775469754885,0.018831367692526708,0.06009623680661738,0.1134282373396294,0.0872101096947174,0.1375884927615908,0.06316613215869801
0.02401976513263374,0.04511591634713586,0.019145338076275883,0.06009662268586074,0.11342844519547549,0.0872101207832329,0.13758859773851584,0.06316615187206266
0.024394252454880524,0.04591407799672287,0.019459308460025058,0.060097008565104096,0.11342865305132158,0.08721013187174839,0.13758870271544088,0.06316617158542731
0.02476873977712731,0.046712239646309876,0.019773278843774233,0.06009739444434745,0.11342886090716767,0.08721014296026389,0.13758880769236592,0.06316619129879196
0.025143227099374093,0.047510401295896884,0.020087249227523408,0.06009778032359081,0.11342906876301376,0.08721015404877938,0.13758891266929096,0.06316621101215661
0.025517714421620877,0.04830856294548389,0.020401219611272583,0.06009816620283417,0.11342927661885985,0.08721016513729488,0.137589017646216,0.06316623072552126
0.025892201743867662,0.0491067245950709,0.020715189995021758,0.060098552082077525,0.11342948447470594,0.08721017622581037,0.13758912262314105,0.06316625043888591
0.026266689066114447,0.04990488624465791,0.021029160378770933,0.06009893796132088,0.11342969233055203,0.08721018731432587,0.1375892276000661,0.06316627015225056
0.02664117638836123,0.050703047894244915,0.021343130762520108,0.06009932384056424,0.11342990018639812,0.08721019840284136,0.13758933257699113,0.0631662898656152
0.027015663710608016,0.05150120954383192,0.021657101146269283,0.0600997097198076,0.11343010804224421,0.08721020949135685,0.13758943755391617,0.06316630957897985
0.0273901510328548,0.05229937119341893,0.021971071530018458,0.060100095599050954,0.1134303158980903,0.08721022057987235,0.1375895425308412,0.0631663292923445
0.027764638355101585,0.05309753284300594,0.022285041913767633,0.06010048147829431,0.11343052375393639,0.08721023166838784,0.13758964750776626,0.06316634900570915
0.02813912567734837,0.05389569449259295,0.022599012297516808,0.06010086735753767,0.11343073160978248,0.08721024275690334,0.1375897524846913,0.0631663687190738
